{
  "funcionarios": [
    {
      "id": "2",
      "nome": "Maria Oliveira",
      "cpf": "987.654.321-00",
      "senha": "1234",
      "registro": "FUNC002",
      "email": "maria.oliveira@email.com",
      "telefone": "(21) 99876-5432",
      "secao": "Atendimento"
    },
    {
      "id": "3",
      "nome": "Carlos Souza",
      "cpf": "456.789.123-00",
      "senha": "1234",
      "registro": "FUNC003",
      "email": "carlos.souza@email.com",
      "telefone": "(31) 98765-4321",
      "secao": "Administração"
    },
    {
      "id": "4",
      "nome": "Renan Carlos",
      "cpf": "321.231.221-00",
      "senha": "1234",
      "registro": "FUNC004",
      "email": "renan.carlos@email.com",
      "telefone": "(41) 98888-7777",
      "secao": "Suporte"
    },
    {
      "id": "5",
      "nome": "Itallo Andrade",
      "cpf": "231.212.312-00",
      "senha": "1234",
      "registro": "FUNC005",
      "email": "itallo.andrade@email.com",
      "telefone": "(71) 97777-6666",
      "secao": "Financeiro"
    },
    {
      "id": "6",
      "nome": "Luiz Antônio",
      "cpf": "221.789.886-00",
      "senha": "1234",
      "registro": "FUNC006",
      "email": "luiz.antonio@email.com",
      "telefone": "(85) 96666-5555",
      "secao": "Desenvolvimento"
    },
    {
      "id": "a213",
      "nome": "JoséMangueiraReta",
      "cpf": "12312312312",
      "registro": "FUN1234",
      "email": "luiz.antoniodesouza004@gmail.com",
      "telefone": "1233213123",
      "secao": "Financeiro"
    }
  ],
  "vacinas": [
    {
      "id": "0",
      "nome": "Benzetacil",
      "registro": "REG212"
    },
    {
      "id": "1",
      "nome": "BCG",
      "registro": "REG213"
    },
    {
      "id": "2",
      "nome": "Hepatite A",
      "registro": "REG222"
    },
    {
      "id": "3",
      "nome": "Hepatite B",
      "registro": "REG223"
    }
  ],
  "agendamentos": [
    {
      "id": "6044",
      "nomePaciente": "Luiz Antônio",
      "tipoVacina": "Covid-19",
      "localVacinacao": "Posto Central - Itajubá",
      "dataVacinacao": "2025-05-10"
    },
    {
      "id": "5552",
      "nomePaciente": "Renan Carlos",
      "tipoVacina": "Influenza",
      "localVacinacao": "Unidade de Saúde - Bairro Sul",
      "dataVacinacao": "2025-05-12"
    },
    {
      "id": "4118",
      "nomePaciente": "teste",
      "tipoVacina": "Covid-19",
      "localVacinacao": "teste",
      "dataVacinacao": "2025-04-14"
    },
    {
      "id": "5ef6",
      "nomePaciente": "teste",
      "tipoVacina": "Covid-19",
      "localVacinacao": "teste",
      "dataVacinacao": "2025-04-15"
    },
    {
      "id": "5bda",
      "nomePaciente": "Novo",
      "tipoVacina": "Gripe",
      "localVacinacao": "Pouso Alegre",
      "dataVacinacao": "2034-03-12"
    },
    {
      "id": "3bc7",
      "nomePaciente": "Novo",
      "tipoVacina": "Gripe",
      "localVacinacao": "Pouso Alegre",
      "dataVacinacao": "2034-03-12"
    },
    {
      "id": "d08a",
      "nomePaciente": "teste",
      "tipoVacina": "Gripe",
      "localVacinacao": "teste",
      "dataVacinacao": "2004-03-12"
    }
  ],
  "registros": [
    {
      "id": "REG001",
      "funcionario": "João Silva",
      "responsavel": "Maria Oliveira",
      "dataAplicacao": "2025-03-15",
      "tipoVacina": "Covid-19"
    },
    {
      "id": "REG002",
      "funcionario": "Carlos Souza",
      "responsavel": "João Silva",
      "dataAplicacao": "2025-03-20",
      "tipoVacina": "Tétano"
    },
    {
      "id": "7d7a",
      "funcionario": "Jão bernardo",
      "responsavel": "Renan",
      "dataAplicacao": "2025-04-14",
      "tipoVacina": "Covid-19"
    },
    {
      "id": "c300",
      "funcionario": "Luiz Antônio",
      "responsavel": "teste",
      "dataAplicacao": "1111-11-11",
      "tipoVacina": "Hepatite B"
    },
    {
      "id": "af64",
      "funcionario": "Luiz Antônio",
      "responsavel": "Maria",
      "dataAplicacao": "2025-05-12",
      "tipoVacina": "Hepatite A"
    }
  ],
  "cartaoVacina": [
    {
      "id": "1",
      "tipoVacina": "Hepatite B",
      "dataAplicacao": "2025-04-15",
      "responsavel": "Enfermeira Ana",
      "lote": "L12345HB",
      "funcionario": "Luiz Antônio",
      "status": "aplicada"
    },
    {
      "id": "2",
      "tipoVacina": "Febre Amarela",
      "dataAplicacao": "2025-04-15",
      "responsavel": "Enfermeiro João",
      "lote": "L56789FA",
      "funcionario": "Carlos Souza",
      "status": "aplicada"
    },
    {
      "id": "3",
      "tipoVacina": "Covid-19",
      "dataAplicacao": "2025-04-09",
      "responsavel": "Dra. Helena",
      "lote": "L89012CV",
      "funcionario": "João Silva",
      "status": "aplicada"
    },
    {
      "id": "4",
      "tipoVacina": "Tétano",
      "dataAplicacao": "2025-04-10",
      "responsavel": "Enfermeira Paula",
      "lote": "L45678TT",
      "funcionario": "Maria Oliveira",
      "status": "aplicada"
    },
    {
      "id": "5",
      "tipoVacina": "Influenza",
      "dataAplicacao": "2025-04-11",
      "responsavel": "Dr. Marcos",
      "lote": "L65432IF",
      "funcionario": "Renan Carlos",
      "status": "aplicada"
    },
    {
      "id": "6",
      "tipoVacina": "BCG",
      "dataAplicacao": "2025-04-12",
      "responsavel": "Enfermeira Carla",
      "lote": "L32109BC",
      "funcionario": "Itallo Andrade",
      "status": "aplicada"
    }
  ]
}